productname,quantity
Raclette Courdavault,1114
Camembert Pierrot,1069
Gorgonzola Telino,989
Boston Crab Meat,850
Flotemysost,848
Gnocchi Di Nonna Alice,799
Chang,770
Rhönbräu Klosterbier,760
Tarte Au Sucre,733
Pavlova,708
Pâté Chinois,694
Guarana Fantastica,684
Alice Mutton,682
Konbu,656
Jack'S New England Clam Chowder,649
Lakkaliköri,626
Steeleye Stout,622
Sir Rodney'S Scones,577
Chai,569
Wimmers Gute Semmelknödel,566
Gumbär Gummibärchen,557
Inlagd Sill,556
Manjimup Dried Apples,535
Outback Lager,531
Original Frankfurter Grüne Soße,505
Chartreuse Verte,497
Mozzarella Di Giovanni,488
Singaporean Hokkien Fried Mee,484
Thüringer Rostbratwurst,482
Ikura,467
Teatime Chocolate Biscuits,452
Perth Pasties,447
Geitost,430
Uncle Bob'S Organic Dried Pears,427
Tunnbröd,421
Louisiana Fiery Hot Pepper Sauce,420
Tourtière,418
Scottish Longbreads,417
Nord-Ost Matjeshering,417
Côte De Blaye,408
Rogede Sild,403
Gudbrandsdalsost,402
Gula Malacca,400
Escargots De Bourgogne,399
Sirop D'Érable,387
Rössle Sauerkraut,364
Spegesild,357
Ipoh Coffee,356
Zaanse Koeken,337
Chef Anton'S Cajun Seasoning,335
Queso Cabrales,318
Sasquatch Ale,302
Queso Manchego La Pastora,296
Tofu,285
Aniseed Syrup,278
Vegie-Spread,267
Maxilaku,266
Schoggi Schokolade,265
Carnarvon Tigers,261
Northwoods Cranberry Sauce,252
Sir Rodney'S Marmalade,232
Nunuca Nuß-Nougat-Creme,229
Ravioli Angelo,226
Longlife Tofu,216
Grandma'S Boysenberry Spread,209
Röd Kaviar,209
Gustaf'S Knackebröd,193
Louisiana Hot Spiced Okra,181
Valkoinen Suklaa,181
Chef Anton'S Gumbo Mix,179
Mascarpone Fabioli,152
Filo Mix,113
Genen Shouyu,112
Chocolade,109
Gravad Lax,88
Mishi Kobe Niku,72
Laughing Lumberjack Lager,69
