customerid,companyname,total_margin,total_orders,pct_margin,order_freq,loyalty_score
SAVEA,Save-A-Lot Markets,34702.017,31,0.08540193908770588,1.0,0.45124116345262355
ERNSH,Ernst Handel,33971.004,30,0.08360291029643069,0.967741935483871,0.43725852037140683
QUICK,Quick-Stop,35245.017,28,0.0867382663946928,0.9032258064516129,0.41333328241746087
HUNGO,Hungry Owl All-Night Grocers,17195.217,19,0.04231756542664032,0.6129032258064516,0.27055182957856483
FOLKO,Folk Och Fä Hb,9766.665,19,0.02403584003258453,0.6129032258064516,0.2595827943421314
RATTC,Rattlesnake Canyon Grocery,15673.77,18,0.03857327229177231,0.5806451612903226,0.2554020278911925
BERGS,Berglunds Snabbköp,8090.445,18,0.019910649317082477,0.5806451612903226,0.24420445410637856
HILAA,Hilarion-Abastos,7083.474,18,0.017432485698953705,0.5806451612903226,0.2427175559355013
BONAP,Bon App',7155.285,17,0.017609213139546775,0.5483870967741935,0.22992036659340548
FRANK,Frankenversand,8616.813,15,0.021206045140147102,0.4838709677419355,0.20627201418086247
LEHMS,Lehmanns Marktstand,6384.606,15,0.015712566007647377,0.4838709677419355,0.20297592670136264
WARTH,Wartian Herkku,4985.13,15,0.012268444471233335,0.4838709677419355,0.20090945377951422
HANAR,Hanari Carnes,10230.345,14,0.02517696019041822,0.45161290322580644,0.19575133740457354
KOENE,Königlich Essen,9523.725,14,0.023437962765624307,0.45161290322580644,0.19470793894969718
WHITC,White Clover Markets,8722.035,14,0.021464997316750743,0.45161290322580644,0.19352415968037304
BOTTM,Bottom-Dollar Markets,6782.31,14,0.01669131870617026,0.45161290322580644,0.19065995251402476
LILAS,Lila-Supermercado,5347.518,14,0.0131602842136355,0.45161290322580644,0.1885413318185039
LAMAI,La Maison D'Asie,3081.705,14,0.007584100448578497,0.45161290322580644,0.1851956215594697
MEREP,Mère Paillarde,9661.17,13,0.023776216000815496,0.41935483870967744,0.18200766508436028
QUEEN,Queen Cozinha,9067.83,13,0.022316001554539954,0.41935483870967744,0.18113153641659496
AROUT,Around The Horn,4141.95,13,0.0101933718032679,0.41935483870967744,0.17385795856583172
SUPRD,Suprêmes Délices,7411.32,12,0.01823931730537439,0.3870967741935484,0.16578230006064398
LINOD,Lino-Delicateses,5366.865,12,0.013207897334092729,0.3870967741935484,0.162763448077875
REGGC,Reggiani Caseifici,2266.68,12,0.005578317458933904,0.3870967741935484,0.15818570015277972
GREAL,Great Lakes Food Market,5913.339,11,0.014552774182634847,0.3548387096774194,0.15066714838054865
BLONP,Blondesddsl Père Et Fils,5726.4,11,0.014092715820865366,0.3548387096774194,0.15039111336348696
VAFFE,Vaffeljernet,4993.14,11,0.012288157144767341,0.3548387096774194,0.14930837815782816
RICAR,Ricardo Adocicados,3877.32,11,0.009542115274266155,0.3548387096774194,0.14766075303552745
PICCO,Piccolo Und Mehr,7877.985,10,0.01938778357188461,0.3225806451612903,0.1406649282076469
RICSU,Richter Supermarkt,6009.96,10,0.014790559230016768,0.3225806451612903,0.1379065936025262
OLDWO,Old World Delicatessen,4897.545,10,0.012052897091523483,0.3225806451612903,0.1362639963194302
OTTIK,Ottilies Käseladen,3947.25,10,0.009714213558939443,0.3225806451612903,0.1348607861998798
GODOS,Godos Cocina Típica,3549.03,10,0.008734190980323731,0.3225806451612903,0.13427277265271037
TORTU,Tortuga Restaurante,3243.645,10,0.00798263607306001,0.3225806451612903,0.13382183970835212
WANDK,Die Wandernde Kuh,3196.155,10,0.007865762806377121,0.3225806451612903,0.1337517157483424
VICTE,Victuailles En Stock,2981.13,10,0.007336584575834097,0.3225806451612903,0.13343420881001658
MAGAA,Magazzini Alimentari Riuniti,2281.155,10,0.00561394054874723,0.3225806451612903,0.13240062239376446
ISLAT,Island Trading,1843.89,10,0.004537827915432985,0.3225806451612903,0.13175495481377592
BSBEV,B'S Beverages,1826.97,10,0.00449618766122632,0.3225806451612903,0.13172997066125192
SEVES,Seven Seas Imports,5151.615,9,0.012678165376765041,0.2903225806451613,0.12373593148412355
SPLIR,Split Rail Beer & Ale,3746.91,9,0.009221175229875428,0.2903225806451613,0.12166173739598979
GOURL,Gourmet Lanchonetes,2610.669,9,0.00642487711639822,0.2903225806451613,0.11998395852790347
QUEDE,Que Delícia,2092.089,9,0.005148647623106735,0.2903225806451613,0.11921822083192858
WELLI,Wellington Importadora,1944.21,9,0.004784716231154767,0.2903225806451613,0.1189998619967574
EASTC,Eastern Connection,4510.098,8,0.011099386951357442,0.25806451612903225,0.10988543862242736
CHOPS,Chop-Suey Chinese,3865.89,8,0.009513985953605269,0.25806451612903225,0.10893419802377606
FURIB,Furia Bacalhau E Frutos Do Mar,2145.465,8,0.00528000638247641,0.25806451612903225,0.10639381028109875
LONEP,Lonesome Pine Restaurant,1277.58,8,0.003144134513554969,0.25806451612903225,0.10511228715974588
SIMOB,Simons Bistro,5441.535,7,0.01339166079636292,0.22580645161290322,0.09835757712297905
MAISD,Maison Dewey,3129.174,7,0.007700922034094818,0.22580645161290322,0.09494313386561819
ANTON,Antonio Moreno Taquería,2254.605,7,0.005548600788156986,0.22580645161290322,0.09365174111805549
FAMIA,Familia Arquibaldo,1331.67,7,0.0032772504325879756,0.22580645161290322,0.09228893090471409
WOLZA,Wolski  Zajazd,1059.585,7,0.002607647089454392,0.22580645161290322,0.09188716889883393
BLAUS,Blauer See Delikatessen,971.94,7,0.0023919520492686305,0.22580645161290322,0.09175775187472247
WILMK,Wilman Kala,948.405,7,0.0023340322275928714,0.22580645161290322,0.09172299998171703
TRADH,Tradição Hipermercados,2193.186,6,0.005397448141991554,0.1935483870967742,0.0806578237239046
SANTG,Santé Gourmet,1720.545,6,0.00423427489208068,0.1935483870967742,0.07995991977395808
TOMSP,Toms Spezialitäten,1486.2,6,0.0036575499882945846,0.1935483870967742,0.07961388483168644
ALFKI,Alfreds Futterkiste,1378.86,6,0.0033933853968913137,0.1935483870967742,0.07945538607684446
PERIC,Pericles Comidas Clásicas,1272.66,6,0.0031320263545303365,0.1935483870967742,0.07929857065142788
DRACD,Drachenblut Delikatessen,1128.963,6,0.002778386897749306,0.1935483870967742,0.07908638697735926
CACTU,Cactus Comidas Para Llevar,544.44,6,0.0013398711584087632,0.1935483870967742,0.07822327753375494
FRANS,Franchi S.P.A.,463.71,6,0.001141193988071647,0.1935483870967742,0.07810407123155266
FOLIG,Folies Gourmandes,3500.07,5,0.008613700031981043,0.16129032258064516,0.06968434905144669
PRINI,Princesa Isabel Vinhos,1595.13,5,0.003925627582309474,0.16129032258064516,0.06687150558164374
MORGK,Morgenstern Gesundkost,1512.66,5,0.003722668258170964,0.16129032258064516,0.06674972998716064
COMMI,Comércio Mineiro,1143.225,5,0.0028134857928731505,0.16129032258064516,0.06620422050798196
OCEAN,Océano Atlántico Ltda.,1038.06,5,0.002554673893721623,0.16129032258064516,0.06604893336849103
HUNGC,Hungry Coyote Import Store,918.96,5,0.002261567849039962,0.16129032258064516,0.06587306974168204
RANCH,Rancho Grande,853.23,5,0.002099805797680385,0.16129032258064516,0.06577601251086629
VINET,Vins Et Alcools Chevalier,444.0,5,0.0010926875217351605,0.16129032258064516,0.06517174154529916
ROMEY,Romero Y Tomillo,440.187,5,0.00108330369849107,0.16129032258064516,0.0651661112513527
GALED,Galería Del Gastrónomo,251.01,5,0.0006177376009701411,0.16129032258064516,0.06488677159284015
LETSS,Let'S Stop N Shop,1047.006,4,0.002576690070679828,0.12903225806451613,0.05315891726821435
THEBI,The Big Cheese,1008.3,4,0.002481434297670185,0.12903225806451613,0.053101763804408564
SPECD,Spécialités Du Monde,727.005,4,0.0017891650714843927,0.12903225806451613,0.052686402268697086
LACOR,La Corne D'Abondance,597.615,4,0.0014707352551841396,0.12903225806451613,0.05249534437891693
DUMON,Du Monde Entier,484.77,4,0.001193022815116112,0.12903225806451613,0.05232871691487612
ANATR,Ana Trujillo Emparedados Y Helados,420.885,4,0.0010358013233907725,0.12903225806451613,0.052234384019840915
BOLID,Bólido Comidas Preparadas,1589.34,3,0.003911378346384144,0.0967741935483871,0.04105650442718533
FRANR,France Restauration,951.648,3,0.0023420132763158153,0.0967741935483871,0.04011488538514433
THECR,The Cracker Box,584.172,3,0.001437651925556469,0.0967741935483871,0.03957226857468872
CONSH,Consolidated Holdings,515.73,3,0.001269215620685753,0.0967741935483871,0.03947120679176629
TRAIH,Trail'S Head Gourmet Provisioners,471.36,3,0.001160020698750192,0.0967741935483871,0.03940568983860496
NORTS,North/South,194.7,3,0.00047915824432845887,0.0967741935483871,0.03899717236595192
LAUGB,Laughing Bacchus Wine Cellars,156.75,3,0.0003857629933152847,0.0967741935483871,0.03894113521534401
GROSR,Grosella-Restaurante,446.61,2,0.0010991107524372524,0.06451612903225806,0.026465918064365577
LAZYK,Lazy K Kountry Store,107.1,2,0.00026357394949962993,0.06451612903225806,0.025964595982603002
CENTC,Centro Comercial Moctezuma,30.24,1,7.442087985871904e-05,0.03225806451612903,0.012947878334366844
